dim_y,dim_x,ASR,ASR_DQF1,DSR,DSR_DQF1,RSR,RSR_DQF1,SW_DQF,gk2a_imager_projection,date
98,125,228.6,1,295.4,1,92.6,1,0,0,202010010000
98,125,216.1,1,279.2,1,128.1,1,1,0,202010010010
98,125,240.5,1,310.7,1,130.1,1,1,0,202010010020
98,125,215.5,1,278.5,1,194.6,1,1,0,202010010030
98,125,217.3,1,280.80002,1,219.7,1,1,0,202010010040
98,125,220.8,1,285.2,1,241.8,1,1,0,202010010050
98,125,183.6,1,237.2,1,310.1,1,1,0,202010010100
98,125,134.40001,1,173.6,1,391.30002,1,1,0,202010010110
98,125,155.8,1,201.3,1,389.4,1,1,0,202010010120
98,125,297.1,1,383.9,1,247.1,1,1,0,202010010130
98,125,294.30002,1,380.30002,1,270.80002,1,1,0,202010010140
98,125,232.2,1,300,1,362.2,1,1,0,202010010150
98,125,334.9,1,432.7,1,261,1,1,0,202010010200
98,125,347,1,448.4,1,263.6,1,1,0,202010010210
98,125,193.3,1,249.7,1,457.4,1,1,0,202010010220
98,125,369.2,1,477.1,1,267.1,1,1,0,202010010230
98,125,326.5,1,421.80002,1,296.2,1,1,0,202010010240
98,125,389.1,1,502.80002,1,267.6,1,1,0,202010010250
98,125,404.2,1,522.2,1,259.7,1,1,0,202010010300
98,125,387,1,500,1,287.9,1,1,0,202010010310
98,125,423.5,1,547.10004,1,252.2,1,1,0,202010010320
98,125,438.7,1,566.7,1,239.7,1,1,0,202010010330
98,125,434.5,1,561.4,1,248.2,1,1,0,202010010340
98,125,398.7,1,515.10004,1,291.9,1,1,0,202010010350
98,125,384.2,1,496.4,1,309.30002,1,1,0,202010010400
98,125,336.30002,1,434.4,1,364.1,1,1,0,202010010410
98,125,402.1,1,519.5,1,263.9,1,1,0,202010010420
98,125,380,1,490.9,1,306.9,1,1,0,202010010430
98,125,361.9,1,467.6,1,292.6,1,1,0,202010010440
98,125,445.1,1,575.10004,1,218.8,1,1,0,202010010450
98,125,391.30002,1,505.6,1,272.80002,1,1,0,202010010500
98,125,265.6,1,343.2,1,408.80002,1,1,0,202010010510
98,125,345.9,1,446.9,1,304.2,1,1,0,202010010520
98,125,340.6,1,440,1,297.5,1,1,0,202010010530
98,125,280.30002,1,362.2,1,353.30002,1,1,0,202010010540
98,125,325.1,1,420,1,285.7,1,1,0,202010010550
98,125,342.5,1,442.5,1,230.3,1,1,0,202010010610
98,125,361.7,1,467.30002,1,188.40001,1,1,0,202010010620
98,125,361.80002,1,467.4,1,167.5,1,1,0,202010010630
98,125,345,1,445.80002,1,164.90001,1,1,0,202010010640
98,125,341.80002,1,441.7,1,143,1,1,0,202010010650
98,125,319.6,1,413,1,142.90001,1,1,0,202010010700
98,125,285.4,1,368.7,1,161.40001,1,1,0,202010010710
98,125,281.80002,1,364.1,1,139.1,1,1,0,202010010720
98,125,220.40001,1,284.80002,1,183,1,1,0,202010010730
98,125,236,1,304.9,1,136.6,1,1,0,202010010740
98,125,221.2,1,285.7,1,124.6,1,0,0,202010010750
98,125,174.2,1,225.1,1,149.1,1,0,0,202010010800
98,125,124.8,1,161.2,1,175.8,1,0,0,202010010810
98,125,131.1,1,169.40001,1,137,1,0,0,202010010820
98,125,124,1,160.2,1,113.200005,1,0,0,202010010830
98,125,120.5,1,155.7,1,84.6,1,0,0,202010010840
98,125,nan,nan,nan,nan,nan,nan,0,0,202010010850
98,125,nan,nan,nan,nan,nan,nan,0,0,202010010900
98,125,nan,nan,nan,nan,nan,nan,0,0,202010010910
98,125,nan,nan,nan,nan,nan,nan,0,0,202010010920
98,125,nan,nan,nan,nan,nan,nan,0,0,202010010930
98,125,nan,nan,nan,nan,nan,nan,0,0,202010010940
98,125,nan,nan,nan,nan,nan,nan,0,0,202010010950
98,125,nan,nan,nan,nan,nan,nan,0,0,202010011000
98,125,nan,nan,nan,nan,nan,nan,0,0,202010011010
98,125,nan,nan,nan,nan,nan,nan,0,0,202010011020
98,125,nan,nan,nan,nan,nan,nan,0,0,202010011030
98,125,nan,nan,nan,nan,nan,nan,0,0,202010011040
98,125,nan,nan,nan,nan,nan,nan,0,0,202010011050
98,125,nan,nan,nan,nan,nan,nan,0,0,202010011100
98,125,nan,nan,nan,nan,nan,nan,0,0,202010011110
98,125,nan,nan,nan,nan,nan,nan,0,0,202010011120
98,125,nan,nan,nan,nan,nan,nan,0,0,202010011130
98,125,nan,nan,nan,nan,nan,nan,0,0,202010011140
98,125,nan,nan,nan,nan,nan,nan,0,0,202010011150
98,125,nan,nan,nan,nan,nan,nan,0,0,202010011200
98,125,nan,nan,nan,nan,nan,nan,0,0,202010011210
98,125,nan,nan,nan,nan,nan,nan,0,0,202010011220
98,125,nan,nan,nan,nan,nan,nan,0,0,202010011230
98,125,nan,nan,nan,nan,nan,nan,0,0,202010011240
98,125,nan,nan,nan,nan,nan,nan,0,0,202010011250
98,125,nan,nan,nan,nan,nan,nan,0,0,202010011300
98,125,nan,nan,nan,nan,nan,nan,0,0,202010011310
98,125,nan,nan,nan,nan,nan,nan,0,0,202010011320
98,125,nan,nan,nan,nan,nan,nan,0,0,202010011330
98,125,nan,nan,nan,nan,nan,nan,0,0,202010011340
98,125,nan,nan,nan,nan,nan,nan,0,0,202010011350
98,125,nan,nan,nan,nan,nan,nan,0,0,202010011400
98,125,nan,nan,nan,nan,nan,nan,0,0,202010011410
98,125,nan,nan,nan,nan,nan,nan,0,0,202010011420
98,125,nan,nan,nan,nan,nan,nan,0,0,202010011430
98,125,nan,nan,nan,nan,nan,nan,0,0,202010011440
98,125,nan,nan,nan,nan,nan,nan,0,0,202010011450
98,125,nan,nan,nan,nan,nan,nan,0,0,202010011500
98,125,nan,nan,nan,nan,nan,nan,0,0,202010011510
98,125,nan,nan,nan,nan,nan,nan,0,0,202010011520
98,125,nan,nan,nan,nan,nan,nan,0,0,202010011530
98,125,nan,nan,nan,nan,nan,nan,0,0,202010011540
98,125,nan,nan,nan,nan,nan,nan,0,0,202010011550
98,125,nan,nan,nan,nan,nan,nan,0,0,202010011600
98,125,nan,nan,nan,nan,nan,nan,0,0,202010011610
98,125,nan,nan,nan,nan,nan,nan,0,0,202010011620
98,125,nan,nan,nan,nan,nan,nan,0,0,202010011630
98,125,nan,nan,nan,nan,nan,nan,0,0,202010011640
98,125,nan,nan,nan,nan,nan,nan,0,0,202010011650
98,125,nan,nan,nan,nan,nan,nan,0,0,202010011700
98,125,nan,nan,nan,nan,nan,nan,0,0,202010011710
98,125,nan,nan,nan,nan,nan,nan,0,0,202010011720
98,125,nan,nan,nan,nan,nan,nan,0,0,202010011730
98,125,nan,nan,nan,nan,nan,nan,0,0,202010011740
98,125,nan,nan,nan,nan,nan,nan,0,0,202010011750
98,125,nan,nan,nan,nan,nan,nan,0,0,202010011800
98,125,nan,nan,nan,nan,nan,nan,0,0,202010011810
98,125,nan,nan,nan,nan,nan,nan,0,0,202010011820
98,125,nan,nan,nan,nan,nan,nan,0,0,202010011830
98,125,nan,nan,nan,nan,nan,nan,0,0,202010011840
98,125,nan,nan,nan,nan,nan,nan,0,0,202010011850
98,125,nan,nan,nan,nan,nan,nan,0,0,202010011900
98,125,nan,nan,nan,nan,nan,nan,0,0,202010011910
98,125,nan,nan,nan,nan,nan,nan,0,0,202010011920
98,125,nan,nan,nan,nan,nan,nan,0,0,202010011930
98,125,nan,nan,nan,nan,nan,nan,0,0,202010011940
98,125,nan,nan,nan,nan,nan,nan,0,0,202010011950
98,125,nan,nan,nan,nan,nan,nan,0,0,202010012000
98,125,nan,nan,nan,nan,nan,nan,0,0,202010012010
98,125,nan,nan,nan,nan,nan,nan,0,0,202010012020
98,125,nan,nan,nan,nan,nan,nan,0,0,202010012030
98,125,nan,nan,nan,nan,nan,nan,0,0,202010012040
98,125,nan,nan,nan,nan,nan,nan,0,0,202010012050
98,125,nan,nan,nan,nan,nan,nan,0,0,202010012100
98,125,nan,nan,nan,nan,nan,nan,0,0,202010012110
98,125,nan,nan,nan,nan,nan,nan,0,0,202010012120
98,125,nan,nan,nan,nan,nan,nan,0,0,202010012130
98,125,nan,nan,nan,nan,nan,nan,0,0,202010012140
98,125,nan,nan,nan,nan,nan,nan,0,0,202010012150
98,125,nan,nan,nan,nan,nan,nan,0,0,202010012200
98,125,nan,nan,nan,nan,nan,nan,0,0,202010012210
98,125,nan,nan,nan,nan,nan,nan,0,0,202010012220
98,125,nan,nan,nan,nan,nan,nan,0,0,202010012230
98,125,nan,nan,nan,nan,nan,nan,0,0,202010012240
98,125,nan,nan,nan,nan,nan,nan,0,0,202010012250
98,125,nan,nan,nan,nan,nan,nan,0,0,202010012300
98,125,98,1,126.6,1,73.6,1,0,0,202010012310
98,125,120.700005,1,156,1,87.200005,1,0,0,202010012320
98,125,127.6,1,164.8,1,111.700005,1,0,0,202010012330
98,125,120.9,1,156.2,1,151.40001,1,0,0,202010012340
98,125,139.8,1,180.6,1,160.7,1,0,0,202010012350
98,125,172.40001,1,217.6,1,158.2,1,0,0,202010020000
98,125,163.1,1,205.90001,1,198.5,1,1,0,202010020010
98,125,142.5,1,179.8,1,250.8,1,1,0,202010020020
98,125,120.6,1,152.2,1,303.80002,1,1,0,202010020030
98,125,139.7,1,176.3,1,309.2,1,1,0,202010020040
98,125,159.40001,1,201.1,1,313.1,1,1,0,202010020050
98,125,147.8,1,186.5,1,351.30002,1,1,0,202010020100
98,125,152.7,1,192.7,1,369.7,1,1,0,202010020110
98,125,131.8,1,166.3,1,416.4,1,1,0,202010020120
98,125,136.90001,1,172.7,1,432.30002,1,1,0,202010020130
98,125,169.3,1,213.6,1,416.1,1,1,0,202010020140
98,125,197.2,1,248.8,1,403.7,1,1,0,202010020150
98,125,192,1,242.2,1,427.6,1,1,0,202010020200
98,125,167.3,1,211.1,1,472.2,1,1,0,202010020210
98,125,191.1,1,241.1,1,460.5,1,1,0,202010020220
98,125,139.3,1,175.8,1,533.10004,1,1,0,202010020230
98,125,118.700005,1,149.7,1,568.9,1,1,0,202010020240
98,125,160.40001,1,202.40001,1,532.60004,1,1,0,202010020250
98,125,125.200005,1,158,1,582.10004,1,1,0,202010020300
98,125,138.3,1,174.5,1,575.4,1,1,0,202010020310
98,125,149.3,1,188.3,1,569.60004,1,1,0,202010020320
98,125,260.5,1,328.7,1,448.6,1,1,0,202010020330
98,125,194.7,1,245.6,1,526.8,1,1,0,202010020340
98,125,199.3,1,251.5,1,523.7,1,1,0,202010020350
98,125,190.5,1,240.3,1,534.2,1,1,0,202010020400
98,125,200.6,1,253.2,1,521.8,1,1,0,202010020410
98,125,229.1,1,289,1,487,1,1,0,202010020420
98,125,195.3,1,246.5,1,521.2,1,1,0,202010020430
98,125,210.40001,1,265.5,1,498.6,1,1,0,202010020440
98,125,191.2,1,241.2,1,513.4,1,1,0,202010020450
98,125,356.6,1,449.9,1,317.4,1,1,0,202010020500
98,125,381.1,1,480.80002,1,279.6,1,1,0,202010020510
98,125,380.80002,1,480.4,1,268.5,1,1,0,202010020520
98,125,394.5,1,497.80002,1,240.1,1,1,0,202010020530
98,125,384.4,1,485,1,237.3,1,1,0,202010020540
98,125,384,1,484.5,1,222,1,1,0,202010020550
98,125,385.9,1,486.9,1,184.6,1,1,0,202010020610
98,125,270.9,1,341.80002,1,295.4,1,1,0,202010020620
98,125,220.90001,1,278.80002,1,331.2,1,1,0,202010020630
98,125,254.90001,1,321.6,1,270.6,1,1,0,202010020640
98,125,230.6,1,291,1,274.9,1,1,0,202010020650
98,125,346.9,1,437.7,1,118.8,1,1,0,202010020700
98,125,315.6,1,398.2,1,128.90001,1,1,0,202010020710
98,125,195.2,1,246.2,1,238.90001,1,1,0,202010020720
98,125,269.5,1,340,1,127.3,1,1,0,202010020730
98,125,266.1,1,335.7,1,102.200005,1,1,0,202010020740
98,125,229.8,1,289.9,1,110,1,0,0,202010020750
98,125,226.1,1,285.30002,1,88.1,1,0,0,202010020800
98,125,203.90001,1,257.30002,1,82.1,1,0,0,202010020810
98,125,209.40001,1,264.2,1,50.8,1,0,0,202010020820
98,125,135.7,1,171.2,1,89.5,1,0,0,202010020830
98,125,149.8,1,189,1,49.5,1,0,0,202010020840
98,125,nan,nan,nan,nan,nan,nan,0,0,202010020850
98,125,nan,nan,nan,nan,nan,nan,0,0,202010020900
98,125,nan,nan,nan,nan,nan,nan,0,0,202010020910
98,125,nan,nan,nan,nan,nan,nan,0,0,202010020920
98,125,nan,nan,nan,nan,nan,nan,0,0,202010020930
98,125,nan,nan,nan,nan,nan,nan,0,0,202010020940
98,125,nan,nan,nan,nan,nan,nan,0,0,202010020950
98,125,nan,nan,nan,nan,nan,nan,0,0,202010021000
98,125,nan,nan,nan,nan,nan,nan,0,0,202010021010
98,125,nan,nan,nan,nan,nan,nan,0,0,202010021020
98,125,nan,nan,nan,nan,nan,nan,0,0,202010021030
98,125,nan,nan,nan,nan,nan,nan,0,0,202010021040
98,125,nan,nan,nan,nan,nan,nan,0,0,202010021050
98,125,nan,nan,nan,nan,nan,nan,0,0,202010021100
98,125,nan,nan,nan,nan,nan,nan,0,0,202010021110
98,125,nan,nan,nan,nan,nan,nan,0,0,202010021120
98,125,nan,nan,nan,nan,nan,nan,0,0,202010021130
98,125,nan,nan,nan,nan,nan,nan,0,0,202010021140
98,125,nan,nan,nan,nan,nan,nan,0,0,202010021150
98,125,nan,nan,nan,nan,nan,nan,0,0,202010021200
98,125,nan,nan,nan,nan,nan,nan,0,0,202010021210
98,125,nan,nan,nan,nan,nan,nan,0,0,202010021220
98,125,nan,nan,nan,nan,nan,nan,0,0,202010021230
98,125,nan,nan,nan,nan,nan,nan,0,0,202010021240
98,125,nan,nan,nan,nan,nan,nan,0,0,202010021250
98,125,nan,nan,nan,nan,nan,nan,0,0,202010021300
98,125,nan,nan,nan,nan,nan,nan,0,0,202010021310
98,125,nan,nan,nan,nan,nan,nan,0,0,202010021320
98,125,nan,nan,nan,nan,nan,nan,0,0,202010021330
98,125,nan,nan,nan,nan,nan,nan,0,0,202010021340
98,125,nan,nan,nan,nan,nan,nan,0,0,202010021350
98,125,nan,nan,nan,nan,nan,nan,0,0,202010021400
98,125,nan,nan,nan,nan,nan,nan,0,0,202010021410
98,125,nan,nan,nan,nan,nan,nan,0,0,202010021420
98,125,nan,nan,nan,nan,nan,nan,0,0,202010021430
98,125,nan,nan,nan,nan,nan,nan,0,0,202010021440
98,125,nan,nan,nan,nan,nan,nan,0,0,202010021450
98,125,nan,nan,nan,nan,nan,nan,0,0,202010021500
98,125,nan,nan,nan,nan,nan,nan,0,0,202010021510
98,125,nan,nan,nan,nan,nan,nan,0,0,202010021520
98,125,nan,nan,nan,nan,nan,nan,0,0,202010021530
98,125,nan,nan,nan,nan,nan,nan,0,0,202010021540
98,125,nan,nan,nan,nan,nan,nan,0,0,202010021550
98,125,nan,nan,nan,nan,nan,nan,0,0,202010021600
98,125,nan,nan,nan,nan,nan,nan,0,0,202010021610
98,125,nan,nan,nan,nan,nan,nan,0,0,202010021620
98,125,nan,nan,nan,nan,nan,nan,0,0,202010021630
98,125,nan,nan,nan,nan,nan,nan,0,0,202010021640
98,125,nan,nan,nan,nan,nan,nan,0,0,202010021650
98,125,nan,nan,nan,nan,nan,nan,0,0,202010021700
98,125,nan,nan,nan,nan,nan,nan,0,0,202010021710
98,125,nan,nan,nan,nan,nan,nan,0,0,202010021720
98,125,nan,nan,nan,nan,nan,nan,0,0,202010021730
98,125,nan,nan,nan,nan,nan,nan,0,0,202010021740
98,125,nan,nan,nan,nan,nan,nan,0,0,202010021750
98,125,nan,nan,nan,nan,nan,nan,0,0,202010021800
98,125,nan,nan,nan,nan,nan,nan,0,0,202010021810
98,125,nan,nan,nan,nan,nan,nan,0,0,202010021820
98,125,nan,nan,nan,nan,nan,nan,0,0,202010021830
98,125,nan,nan,nan,nan,nan,nan,0,0,202010021840
98,125,nan,nan,nan,nan,nan,nan,0,0,202010021850
98,125,nan,nan,nan,nan,nan,nan,0,0,202010021900
98,125,nan,nan,nan,nan,nan,nan,0,0,202010021910
98,125,nan,nan,nan,nan,nan,nan,0,0,202010021920
98,125,nan,nan,nan,nan,nan,nan,0,0,202010021930
98,125,nan,nan,nan,nan,nan,nan,0,0,202010021940
98,125,nan,nan,nan,nan,nan,nan,0,0,202010021950
98,125,nan,nan,nan,nan,nan,nan,0,0,202010022000
98,125,nan,nan,nan,nan,nan,nan,0,0,202010022010
98,125,nan,nan,nan,nan,nan,nan,0,0,202010022020
98,125,nan,nan,nan,nan,nan,nan,0,0,202010022030
98,125,nan,nan,nan,nan,nan,nan,0,0,202010022040
98,125,nan,nan,nan,nan,nan,nan,0,0,202010022050
98,125,nan,nan,nan,nan,nan,nan,0,0,202010022100
98,125,nan,nan,nan,nan,nan,nan,0,0,202010022110
98,125,nan,nan,nan,nan,nan,nan,0,0,202010022120
98,125,nan,nan,nan,nan,nan,nan,0,0,202010022130
98,125,nan,nan,nan,nan,nan,nan,0,0,202010022140
98,125,nan,nan,nan,nan,nan,nan,0,0,202010022150
98,125,nan,nan,nan,nan,nan,nan,0,0,202010022200
98,125,nan,nan,nan,nan,nan,nan,0,0,202010022210
98,125,nan,nan,nan,nan,nan,nan,0,0,202010022220
98,125,nan,nan,nan,nan,nan,nan,0,0,202010022230
98,125,nan,nan,nan,nan,nan,nan,0,0,202010022240
98,125,nan,nan,nan,nan,nan,nan,0,0,202010022250
98,125,nan,nan,nan,nan,nan,nan,0,0,202010022300
98,125,nan,nan,nan,nan,nan,nan,0,0,202010022310
98,125,162.3,1,204.8,1,42.600002,1,0,0,202010022320
98,125,124.4,1,157,1,114.5,1,0,0,202010022330
98,125,172.7,1,217.90001,1,91.700005,1,0,0,202010022340
98,125,209,1,263.7,1,81.700005,1,0,0,202010022350
98,125,219.6,1,277.9,1,99.700005,1,0,0,202010030000
98,125,197.5,1,249.90001,1,154.6,1,0,0,202010030010
98,125,199.2,1,252,1,181.6,1,1,0,202010030020
98,125,257.30002,1,325.6,1,135.90001,1,1,0,202010030030
98,125,336.4,1,425.6,1,88,1,1,0,202010030040
98,125,298.9,1,378.30002,1,143.3,1,1,0,202010030050
98,125,316,1,399.9,1,149.1,1,1,0,202010030100
98,125,329.4,1,416.80002,1,157.3,1,1,0,202010030110
98,125,330.2,1,417.80002,1,175.7,1,1,0,202010030120
98,125,347,1,439.1,1,188.40001,1,1,0,202010030130
98,125,394,1,498.6,1,155.40001,1,1,0,202010030140
98,125,361.4,1,457.30002,1,199.3,1,1,0,202010030150
98,125,364.5,1,461.2,1,211.6,1,1,0,202010030200
98,125,384.7,1,486.80002,1,207.40001,1,1,0,202010030210
98,125,394.2,1,498.80002,1,211.7,1,1,0,202010030220
98,125,390,1,493.5,1,227.1,1,1,0,202010030230
98,125,387.80002,1,490.7,1,239.5,1,1,0,202010030240
98,125,394.30002,1,498.9,1,242.90001,1,1,0,202010030250
98,125,420.80002,1,532.5,1,240.7,1,1,0,202010030300
98,125,0,1,0,1,882.9,1,1,0,202010030310
98,125,320.5,1,405.5,1,329.2,1,1,0,202010030320
98,125,0,1,0,1,897,1,1,0,202010030330
98,125,164,1,207.6,1,555.9,1,1,0,202010030340
98,125,0,1,0,1,903.8,1,1,0,202010030350
98,125,224.8,1,284.4,1,489.4,1,1,0,202010030400
98,125,116.5,1,147.40001,1,611.60004,1,1,0,202010030410
98,125,310.7,1,393.2,1,388.1,1,1,0,202010030420
98,125,0,1,0,1,895.2,1,1,0,202010030430
98,125,85.8,1,108.6,1,634.2,1,1,0,202010030440
98,125,372.2,1,471,1,301.5,1,1,0,202010030450
98,125,364.1,1,460.7,1,275.4,1,1,0,202010030500
98,125,336.2,1,425.4,1,323.9,1,1,0,202010030510
98,125,282.4,1,357.4,1,373.5,1,1,0,202010030520
98,125,365.4,1,462.30002,1,266.30002,1,1,0,202010030530
98,125,314.9,1,398.5,1,309.30002,1,1,0,202010030540
98,125,135.2,1,171.1,1,498,1,1,0,202010030550
98,125,165.5,1,209.40001,1,428.1,1,1,0,202010030610
98,125,179.40001,1,227,1,392.7,1,1,0,202010030620
98,125,123,1,155.6,1,435.9,1,1,0,202010030630
98,125,148.8,1,188.3,1,384.5,1,1,0,202010030640
98,125,144.8,1,183.2,1,365.80002,1,1,0,202010030650
98,125,254.2,1,321.6,1,217,1,1,0,202010030700
98,125,257.2,1,325.4,1,188.2,1,1,0,202010030710
98,125,263.7,1,333.7,1,154.3,1,1,0,202010030720
98,125,222.8,1,281.9,1,173.40001,1,1,0,202010030730
98,125,243.1,1,307.6,1,121.9,1,1,0,202010030740
98,125,220.8,1,279.4,1,118,1,0,0,202010030750
98,125,200.6,1,253.8,1,111,1,0,0,202010030800
98,125,136.3,1,172.40001,1,153.3,1,0,0,202010030810
98,125,109.6,1,138.7,1,152.1,1,0,0,202010030820
98,125,134.1,1,169.7,1,92.1,1,0,0,202010030830
98,125,127.1,1,160.8,1,67.4,1,0,0,202010030840
98,125,nan,nan,nan,nan,nan,nan,0,0,202010030850
98,125,nan,nan,nan,nan,nan,nan,0,0,202010030900
98,125,nan,nan,nan,nan,nan,nan,0,0,202010030910
98,125,nan,nan,nan,nan,nan,nan,0,0,202010030920
98,125,nan,nan,nan,nan,nan,nan,0,0,202010030930
98,125,nan,nan,nan,nan,nan,nan,0,0,202010030940
98,125,nan,nan,nan,nan,nan,nan,0,0,202010030950
98,125,nan,nan,nan,nan,nan,nan,0,0,202010031000
98,125,nan,nan,nan,nan,nan,nan,0,0,202010031010
98,125,nan,nan,nan,nan,nan,nan,0,0,202010031020
98,125,nan,nan,nan,nan,nan,nan,0,0,202010031030
98,125,nan,nan,nan,nan,nan,nan,0,0,202010031040
98,125,nan,nan,nan,nan,nan,nan,0,0,202010031050
98,125,nan,nan,nan,nan,nan,nan,0,0,202010031100
98,125,nan,nan,nan,nan,nan,nan,0,0,202010031110
98,125,nan,nan,nan,nan,nan,nan,0,0,202010031120
98,125,nan,nan,nan,nan,nan,nan,0,0,202010031130
98,125,nan,nan,nan,nan,nan,nan,0,0,202010031140
98,125,nan,nan,nan,nan,nan,nan,0,0,202010031150
98,125,nan,nan,nan,nan,nan,nan,0,0,202010031200
98,125,nan,nan,nan,nan,nan,nan,0,0,202010031210
98,125,nan,nan,nan,nan,nan,nan,0,0,202010031220
98,125,nan,nan,nan,nan,nan,nan,0,0,202010031230
98,125,nan,nan,nan,nan,nan,nan,0,0,202010031240
98,125,nan,nan,nan,nan,nan,nan,0,0,202010031250
98,125,nan,nan,nan,nan,nan,nan,0,0,202010031300
98,125,nan,nan,nan,nan,nan,nan,0,0,202010031310
98,125,nan,nan,nan,nan,nan,nan,0,0,202010031320
98,125,nan,nan,nan,nan,nan,nan,0,0,202010031330
98,125,nan,nan,nan,nan,nan,nan,0,0,202010031340
98,125,nan,nan,nan,nan,nan,nan,0,0,202010031350
98,125,nan,nan,nan,nan,nan,nan,0,0,202010031400
98,125,nan,nan,nan,nan,nan,nan,0,0,202010031410
98,125,nan,nan,nan,nan,nan,nan,0,0,202010031420
98,125,nan,nan,nan,nan,nan,nan,0,0,202010031430
98,125,nan,nan,nan,nan,nan,nan,0,0,202010031440
98,125,nan,nan,nan,nan,nan,nan,0,0,202010031450
98,125,nan,nan,nan,nan,nan,nan,0,0,202010031500
98,125,nan,nan,nan,nan,nan,nan,0,0,202010031510
98,125,nan,nan,nan,nan,nan,nan,0,0,202010031520
98,125,nan,nan,nan,nan,nan,nan,0,0,202010031530
98,125,nan,nan,nan,nan,nan,nan,0,0,202010031540
98,125,nan,nan,nan,nan,nan,nan,0,0,202010031550
98,125,nan,nan,nan,nan,nan,nan,0,0,202010031600
98,125,nan,nan,nan,nan,nan,nan,0,0,202010031610
98,125,nan,nan,nan,nan,nan,nan,0,0,202010031620
98,125,nan,nan,nan,nan,nan,nan,0,0,202010031630
98,125,nan,nan,nan,nan,nan,nan,0,0,202010031640
98,125,nan,nan,nan,nan,nan,nan,0,0,202010031650
98,125,nan,nan,nan,nan,nan,nan,0,0,202010031700
98,125,nan,nan,nan,nan,nan,nan,0,0,202010031710
98,125,nan,nan,nan,nan,nan,nan,0,0,202010031720
98,125,nan,nan,nan,nan,nan,nan,0,0,202010031730
98,125,nan,nan,nan,nan,nan,nan,0,0,202010031740
98,125,nan,nan,nan,nan,nan,nan,0,0,202010031750
98,125,nan,nan,nan,nan,nan,nan,0,0,202010031800
98,125,nan,nan,nan,nan,nan,nan,0,0,202010031810
98,125,nan,nan,nan,nan,nan,nan,0,0,202010031820
98,125,nan,nan,nan,nan,nan,nan,0,0,202010031830
98,125,nan,nan,nan,nan,nan,nan,0,0,202010031840
98,125,nan,nan,nan,nan,nan,nan,0,0,202010031850
98,125,nan,nan,nan,nan,nan,nan,0,0,202010031900
98,125,nan,nan,nan,nan,nan,nan,0,0,202010031910
98,125,nan,nan,nan,nan,nan,nan,0,0,202010031920
98,125,nan,nan,nan,nan,nan,nan,0,0,202010031930
98,125,nan,nan,nan,nan,nan,nan,0,0,202010031940
98,125,nan,nan,nan,nan,nan,nan,0,0,202010031950
98,125,nan,nan,nan,nan,nan,nan,0,0,202010032000
98,125,nan,nan,nan,nan,nan,nan,0,0,202010032010
98,125,nan,nan,nan,nan,nan,nan,0,0,202010032020
98,125,nan,nan,nan,nan,nan,nan,0,0,202010032030
98,125,nan,nan,nan,nan,nan,nan,0,0,202010032040
98,125,nan,nan,nan,nan,nan,nan,0,0,202010032050
98,125,nan,nan,nan,nan,nan,nan,0,0,202010032100
98,125,nan,nan,nan,nan,nan,nan,0,0,202010032110
98,125,nan,nan,nan,nan,nan,nan,0,0,202010032120
98,125,nan,nan,nan,nan,nan,nan,0,0,202010032130
98,125,nan,nan,nan,nan,nan,nan,0,0,202010032140
98,125,nan,nan,nan,nan,nan,nan,0,0,202010032150
98,125,nan,nan,nan,nan,nan,nan,0,0,202010032200
98,125,nan,nan,nan,nan,nan,nan,0,0,202010032210
98,125,nan,nan,nan,nan,nan,nan,0,0,202010032220
98,125,nan,nan,nan,nan,nan,nan,0,0,202010032230
98,125,nan,nan,nan,nan,nan,nan,0,0,202010032240
98,125,nan,nan,nan,nan,nan,nan,0,0,202010032250
98,125,nan,nan,nan,nan,nan,nan,0,0,202010032300
98,125,nan,nan,nan,nan,nan,nan,0,0,202010032310
98,125,100.6,1,127.3,1,104.5,1,0,0,202010032320
98,125,126.5,1,160,1,107.6,1,0,0,202010032330
98,125,83.700005,1,105.9,1,188.1,1,0,0,202010032340
98,125,150.5,1,190.40001,1,143.3,1,0,0,202010032350
98,125,111.9,1,142,1,217.5,1,0,0,202010040000
98,125,153.3,1,194.40001,1,200.2,1,0,0,202010040010
98,125,150.8,1,191.3,1,231.8,1,1,0,202010040020
98,125,238.6,1,302.6,1,159.90001,1,1,0,202010040030
98,125,216.6,1,274.80002,1,211.90001,1,1,0,202010040040
98,125,114.5,1,145.3,1,354.4,1,1,0,202010040050
98,125,110.700005,1,140.40001,1,383.80002,1,1,0,202010040100
98,125,208.2,1,264.1,1,296.6,1,1,0,202010040110
98,125,168.8,1,214,1,364.4,1,1,0,202010040120
98,125,102.200005,1,129.6,1,461.9,1,1,0,202010040130
98,125,96,1,121.8,1,489.30002,1,1,0,202010040140
98,125,0,1,0,1,750.2,1,1,0,202010040150
98,125,78.4,1,99.5,1,546.5,1,1,0,202010040200
98,125,93.9,1,119.1,1,545.4,1,1,0,202010040210
98,125,90.200005,1,114.4,1,564.8,1,1,0,202010040220
98,125,92.6,1,117.4,1,575.9,1,1,0,202010040230
98,125,123.6,1,156.8,1,552.9,1,1,0,202010040240
98,125,142.8,1,181.1,1,542,1,1,0,202010040250
98,125,127,1,161.1,1,569.5,1,1,0,202010040300
98,125,73.5,1,93.200005,1,638.60004,1,1,0,202010040310
98,125,119.4,1,151.40001,1,592.8,1,1,0,202010040320
98,125,119.9,1,152,1,597.2,1,1,0,202010040330
98,125,123.5,1,156.6,1,596.60004,1,1,0,202010040340
98,125,122.5,1,155.40001,1,599.7,1,1,0,202010040350
98,125,169.6,1,215.1,1,546.5,1,1,0,202010040400
98,125,293.7,1,372.5,1,404,1,1,0,202010040410
98,125,221.8,1,281.30002,1,483.4,1,1,0,202010040420
98,125,201.1,1,255.1,1,502.80002,1,1,0,202010040430
98,125,296.9,1,376.6,1,388,1,1,0,202010040440
98,125,219.40001,1,278.2,1,469.30002,1,1,0,202010040450
98,125,187.6,1,237.90001,1,496.9,1,1,0,202010040500
98,125,254.40001,1,322.7,1,410.6,1,1,0,202010040510
98,125,194.7,1,246.90001,1,467.2,1,1,0,202010040520
98,125,205.1,1,260.1,1,442.4,1,1,0,202010040530
98,125,210,1,266.30002,1,422.4,1,1,0,202010040540
98,125,106.6,1,135.2,1,524.5,1,1,0,202010040550
98,125,156,1,197.8,1,432.7,1,1,0,202010040610
98,125,166.7,1,211.5,1,400.80002,1,1,0,202010040620
98,125,194.90001,1,247.2,1,347.7,1,1,0,202010040630
98,125,172.3,1,218.6,1,351.30002,1,1,0,202010040640
98,125,234.1,1,296.9,1,257.7,1,1,0,202010040650
98,125,198.1,1,251.2,1,274.30002,1,1,0,202010040700
98,125,230.1,1,291.9,1,212.3,1,1,0,202010040710
98,125,196,1,248.6,1,224.7,1,1,0,202010040720
98,125,164.40001,1,208.6,1,233.2,1,1,0,202010040730
98,125,120.5,1,152.90001,1,254.8,1,1,0,202010040740
98,125,161.1,1,204.3,1,179.3,1,0,0,202010040750
98,125,115.4,1,146.3,1,201.40001,1,0,0,202010040800
98,125,129.40001,1,164.1,1,154.5,1,0,0,202010040810
98,125,119.9,1,152,1,133.90001,1,0,0,202010040820
98,125,103.5,1,131.2,1,120.4,1,0,0,202010040830
98,125,99.5,1,126.200005,1,92.200005,1,0,0,202010040840
98,125,nan,nan,nan,nan,nan,nan,0,0,202010040850
98,125,nan,nan,nan,nan,nan,nan,0,0,202010040900
98,125,nan,nan,nan,nan,nan,nan,0,0,202010040910
98,125,nan,nan,nan,nan,nan,nan,0,0,202010040920
98,125,nan,nan,nan,nan,nan,nan,0,0,202010040930
98,125,nan,nan,nan,nan,nan,nan,0,0,202010040940
98,125,nan,nan,nan,nan,nan,nan,0,0,202010040950
98,125,nan,nan,nan,nan,nan,nan,0,0,202010041000
98,125,nan,nan,nan,nan,nan,nan,0,0,202010041010
98,125,nan,nan,nan,nan,nan,nan,0,0,202010041020
98,125,nan,nan,nan,nan,nan,nan,0,0,202010041030
98,125,nan,nan,nan,nan,nan,nan,0,0,202010041040
98,125,nan,nan,nan,nan,nan,nan,0,0,202010041050
98,125,nan,nan,nan,nan,nan,nan,0,0,202010041100
98,125,nan,nan,nan,nan,nan,nan,0,0,202010041110
98,125,nan,nan,nan,nan,nan,nan,0,0,202010041120
98,125,nan,nan,nan,nan,nan,nan,0,0,202010041130
98,125,nan,nan,nan,nan,nan,nan,0,0,202010041140
98,125,nan,nan,nan,nan,nan,nan,0,0,202010041150
98,125,nan,nan,nan,nan,nan,nan,0,0,202010041200
98,125,nan,nan,nan,nan,nan,nan,0,0,202010041210
98,125,nan,nan,nan,nan,nan,nan,0,0,202010041220
98,125,nan,nan,nan,nan,nan,nan,0,0,202010041230
98,125,nan,nan,nan,nan,nan,nan,0,0,202010041240
98,125,nan,nan,nan,nan,nan,nan,0,0,202010041250
98,125,nan,nan,nan,nan,nan,nan,0,0,202010041300
98,125,nan,nan,nan,nan,nan,nan,0,0,202010041310
98,125,nan,nan,nan,nan,nan,nan,0,0,202010041320
98,125,nan,nan,nan,nan,nan,nan,0,0,202010041330
98,125,nan,nan,nan,nan,nan,nan,0,0,202010041340
98,125,nan,nan,nan,nan,nan,nan,0,0,202010041350
98,125,nan,nan,nan,nan,nan,nan,0,0,202010041400
98,125,nan,nan,nan,nan,nan,nan,0,0,202010041410
98,125,nan,nan,nan,nan,nan,nan,0,0,202010041420
98,125,nan,nan,nan,nan,nan,nan,0,0,202010041430
98,125,nan,nan,nan,nan,nan,nan,0,0,202010041440
98,125,nan,nan,nan,nan,nan,nan,0,0,202010041450
98,125,nan,nan,nan,nan,nan,nan,0,0,202010041500
98,125,nan,nan,nan,nan,nan,nan,0,0,202010041510
98,125,nan,nan,nan,nan,nan,nan,0,0,202010041520
98,125,nan,nan,nan,nan,nan,nan,0,0,202010041530
98,125,nan,nan,nan,nan,nan,nan,0,0,202010041540
98,125,nan,nan,nan,nan,nan,nan,0,0,202010041550
98,125,nan,nan,nan,nan,nan,nan,0,0,202010041600
98,125,nan,nan,nan,nan,nan,nan,0,0,202010041610
98,125,nan,nan,nan,nan,nan,nan,0,0,202010041620
98,125,nan,nan,nan,nan,nan,nan,0,0,202010041630
98,125,nan,nan,nan,nan,nan,nan,0,0,202010041640
98,125,nan,nan,nan,nan,nan,nan,0,0,202010041650
98,125,nan,nan,nan,nan,nan,nan,0,0,202010041700
98,125,nan,nan,nan,nan,nan,nan,0,0,202010041710
98,125,nan,nan,nan,nan,nan,nan,0,0,202010041720
98,125,nan,nan,nan,nan,nan,nan,0,0,202010041730
98,125,nan,nan,nan,nan,nan,nan,0,0,202010041740
98,125,nan,nan,nan,nan,nan,nan,0,0,202010041750
98,125,nan,nan,nan,nan,nan,nan,0,0,202010041800
98,125,nan,nan,nan,nan,nan,nan,0,0,202010041810
98,125,nan,nan,nan,nan,nan,nan,0,0,202010041820
98,125,nan,nan,nan,nan,nan,nan,0,0,202010041830
98,125,nan,nan,nan,nan,nan,nan,0,0,202010041840
98,125,nan,nan,nan,nan,nan,nan,0,0,202010041850
98,125,nan,nan,nan,nan,nan,nan,0,0,202010041900
98,125,nan,nan,nan,nan,nan,nan,0,0,202010041910
98,125,nan,nan,nan,nan,nan,nan,0,0,202010041920
98,125,nan,nan,nan,nan,nan,nan,0,0,202010041930
98,125,nan,nan,nan,nan,nan,nan,0,0,202010041940
98,125,nan,nan,nan,nan,nan,nan,0,0,202010041950
98,125,nan,nan,nan,nan,nan,nan,0,0,202010042000
98,125,nan,nan,nan,nan,nan,nan,0,0,202010042010
98,125,nan,nan,nan,nan,nan,nan,0,0,202010042020
98,125,nan,nan,nan,nan,nan,nan,0,0,202010042030
98,125,nan,nan,nan,nan,nan,nan,0,0,202010042040
98,125,nan,nan,nan,nan,nan,nan,0,0,202010042050
98,125,nan,nan,nan,nan,nan,nan,0,0,202010042100
98,125,nan,nan,nan,nan,nan,nan,0,0,202010042110
98,125,nan,nan,nan,nan,nan,nan,0,0,202010042120
98,125,nan,nan,nan,nan,nan,nan,0,0,202010042130
98,125,nan,nan,nan,nan,nan,nan,0,0,202010042140
98,125,nan,nan,nan,nan,nan,nan,0,0,202010042150
98,125,nan,nan,nan,nan,nan,nan,0,0,202010042200
98,125,nan,nan,nan,nan,nan,nan,0,0,202010042210
98,125,nan,nan,nan,nan,nan,nan,0,0,202010042220
98,125,nan,nan,nan,nan,nan,nan,0,0,202010042230
98,125,nan,nan,nan,nan,nan,nan,0,0,202010042240
98,125,nan,nan,nan,nan,nan,nan,0,0,202010042250
98,125,nan,nan,nan,nan,nan,nan,0,0,202010042300
98,125,nan,nan,nan,nan,nan,nan,0,0,202010042310
98,125,136.2,1,172.7,1,58.100002,1,0,0,202010042320
98,125,157.90001,1,200.2,1,65.9,1,0,0,202010042330
98,125,179.2,1,227.2,1,73.5,1,0,0,202010042340
98,125,194.5,1,246.7,1,85.9,1,0,0,202010042350
98,125,219,1,275.80002,1,91.1,1,0,0,202010050000
98,125,238.2,1,300,1,98.9,1,0,0,202010050010
98,125,251.5,1,316.7,1,111.3,1,1,0,202010050020
98,125,269.6,1,339.4,1,118.8,1,1,0,202010050030
98,125,286.5,1,360.80002,1,126.4,1,1,0,202010050040
98,125,301.4,1,379.5,1,135,1,1,0,202010050050
98,125,316.5,1,398.5,1,142.5,1,1,0,202010050100
98,125,329.1,1,414.4,1,151.40001,1,1,0,202010050110
98,125,342.6,1,431.4,1,158.5,1,1,0,202010050120
98,125,317.1,1,399.30002,1,199.3,1,1,0,202010050130
98,125,340,1,428.2,1,209.40001,1,1,0,202010050140
98,125,349.80002,1,440.5,1,217.5,1,1,0,202010050150
98,125,303.1,1,381.6,1,259.9,1,1,0,202010050200
98,125,294.2,1,370.5,1,314.80002,1,1,0,202010050210
98,125,345.7,1,435.30002,1,271.7,1,1,0,202010050220
98,125,300.80002,1,378.80002,1,336.2,1,1,0,202010050230
98,125,305.4,1,384.5,1,306.30002,1,1,0,202010050240
98,125,308.7,1,388.7,1,350.6,1,1,0,202010050250
98,125,276.2,1,347.80002,1,396.7,1,1,0,202010050300
98,125,286.80002,1,361.1,1,392.80002,1,1,0,202010050310
98,125,282.30002,1,355.5,1,404.30002,1,1,0,202010050320
98,125,361.1,1,454.7,1,320.2,1,1,0,202010050330
98,125,324.2,1,408.2,1,325.9,1,1,0,202010050340
98,125,380.5,1,479.1,1,303.6,1,1,0,202010050350
98,125,402.80002,1,507.1,1,278.80002,1,1,0,202010050400
98,125,440.1,1,554.10004,1,235.5,1,1,0,202010050410
98,125,391.4,1,492.80002,1,288,1,1,0,202010050420
98,125,414.2,1,521.60004,1,241.2,1,1,0,202010050430
98,125,453.9,1,571.5,1,207.40001,1,1,0,202010050440
98,125,455.5,1,573.5,1,198.5,1,1,0,202010050450
98,125,432.9,1,545.10004,1,215.3,1,1,0,202010050500
98,125,416.4,1,524.3,1,212.8,1,1,0,202010050510
98,125,415.30002,1,522.9,1,204,1,1,0,202010050520
98,125,417,1,525.10004,1,191.5,1,1,0,202010050530
98,125,418.7,1,527.3,1,182.3,1,1,0,202010050540
98,125,408.2,1,514,1,174.1,1,1,0,202010050550
98,125,382.6,1,481.80002,1,167,1,1,0,202010050610
98,125,371,1,467.1,1,160.8,1,1,0,202010050620
98,125,354.5,1,446.4,1,157.8,1,1,0,202010050630
98,125,348.4,1,438.6,1,144.7,1,1,0,202010050640
98,125,333,1,419.30002,1,138.8,1,1,0,202010050650
98,125,317.1,1,399.30002,1,132.40001,1,1,0,202010050700
98,125,304.4,1,383.30002,1,122.3,1,1,0,202010050710
98,125,281.1,1,354,1,120.8,1,1,0,202010050720
98,125,263.2,1,331.4,1,113.700005,1,1,0,202010050730
98,125,242.90001,1,305.9,1,107.8,1,1,0,202010050740
98,125,227.8,1,286.9,1,96.700005,1,0,0,202010050750
98,125,202.1,1,254.40001,1,94.3,1,0,0,202010050800
98,125,181.1,1,228.1,1,87.1,1,0,0,202010050810
98,125,163.3,1,205.6,1,76.5,1,0,0,202010050820
98,125,141.1,1,177.7,1,69.200005,1,0,0,202010050830
98,125,119.1,1,150,1,61.4,1,0,0,202010050840
98,125,nan,nan,nan,nan,nan,nan,0,0,202010050850
98,125,nan,nan,nan,nan,nan,nan,0,0,202010050900
98,125,nan,nan,nan,nan,nan,nan,0,0,202010050910
98,125,nan,nan,nan,nan,nan,nan,0,0,202010050920
98,125,nan,nan,nan,nan,nan,nan,0,0,202010050930
98,125,nan,nan,nan,nan,nan,nan,0,0,202010050940
98,125,nan,nan,nan,nan,nan,nan,0,0,202010050950
98,125,nan,nan,nan,nan,nan,nan,0,0,202010051000
98,125,nan,nan,nan,nan,nan,nan,0,0,202010051010
98,125,nan,nan,nan,nan,nan,nan,0,0,202010051020
98,125,nan,nan,nan,nan,nan,nan,0,0,202010051030
98,125,nan,nan,nan,nan,nan,nan,0,0,202010051040
98,125,nan,nan,nan,nan,nan,nan,0,0,202010051050
98,125,nan,nan,nan,nan,nan,nan,0,0,202010051100
98,125,nan,nan,nan,nan,nan,nan,0,0,202010051110
98,125,nan,nan,nan,nan,nan,nan,0,0,202010051120
98,125,nan,nan,nan,nan,nan,nan,0,0,202010051130
98,125,nan,nan,nan,nan,nan,nan,0,0,202010051140
98,125,nan,nan,nan,nan,nan,nan,0,0,202010051150
98,125,nan,nan,nan,nan,nan,nan,0,0,202010051200
98,125,nan,nan,nan,nan,nan,nan,0,0,202010051210
98,125,nan,nan,nan,nan,nan,nan,0,0,202010051220
98,125,nan,nan,nan,nan,nan,nan,0,0,202010051230
98,125,nan,nan,nan,nan,nan,nan,0,0,202010051240
98,125,nan,nan,nan,nan,nan,nan,0,0,202010051250
98,125,nan,nan,nan,nan,nan,nan,0,0,202010051300
98,125,nan,nan,nan,nan,nan,nan,0,0,202010051310
98,125,nan,nan,nan,nan,nan,nan,0,0,202010051320
98,125,nan,nan,nan,nan,nan,nan,0,0,202010051330
98,125,nan,nan,nan,nan,nan,nan,0,0,202010051340
98,125,nan,nan,nan,nan,nan,nan,0,0,202010051350
98,125,nan,nan,nan,nan,nan,nan,0,0,202010051400
98,125,nan,nan,nan,nan,nan,nan,0,0,202010051410
98,125,nan,nan,nan,nan,nan,nan,0,0,202010051420
98,125,nan,nan,nan,nan,nan,nan,0,0,202010051430
98,125,nan,nan,nan,nan,nan,nan,0,0,202010051440
98,125,nan,nan,nan,nan,nan,nan,0,0,202010051450
98,125,nan,nan,nan,nan,nan,nan,0,0,202010051500
98,125,nan,nan,nan,nan,nan,nan,0,0,202010051510
98,125,nan,nan,nan,nan,nan,nan,0,0,202010051520
98,125,nan,nan,nan,nan,nan,nan,0,0,202010051530
98,125,nan,nan,nan,nan,nan,nan,0,0,202010051540
98,125,nan,nan,nan,nan,nan,nan,0,0,202010051550
98,125,nan,nan,nan,nan,nan,nan,0,0,202010051600
98,125,nan,nan,nan,nan,nan,nan,0,0,202010051610
98,125,nan,nan,nan,nan,nan,nan,0,0,202010051620
98,125,nan,nan,nan,nan,nan,nan,0,0,202010051630
98,125,nan,nan,nan,nan,nan,nan,0,0,202010051640
98,125,nan,nan,nan,nan,nan,nan,0,0,202010051650
98,125,nan,nan,nan,nan,nan,nan,0,0,202010051700
98,125,nan,nan,nan,nan,nan,nan,0,0,202010051710
98,125,nan,nan,nan,nan,nan,nan,0,0,202010051720
98,125,nan,nan,nan,nan,nan,nan,0,0,202010051730
98,125,nan,nan,nan,nan,nan,nan,0,0,202010051740
98,125,nan,nan,nan,nan,nan,nan,0,0,202010051750
98,125,nan,nan,nan,nan,nan,nan,0,0,202010051800
98,125,nan,nan,nan,nan,nan,nan,0,0,202010051810
98,125,nan,nan,nan,nan,nan,nan,0,0,202010051820
98,125,nan,nan,nan,nan,nan,nan,0,0,202010051830
98,125,nan,nan,nan,nan,nan,nan,0,0,202010051840
98,125,nan,nan,nan,nan,nan,nan,0,0,202010051850
98,125,nan,nan,nan,nan,nan,nan,0,0,202010051900
98,125,nan,nan,nan,nan,nan,nan,0,0,202010051910
98,125,nan,nan,nan,nan,nan,nan,0,0,202010051920
98,125,nan,nan,nan,nan,nan,nan,0,0,202010051930
98,125,nan,nan,nan,nan,nan,nan,0,0,202010051940
98,125,nan,nan,nan,nan,nan,nan,0,0,202010051950
98,125,nan,nan,nan,nan,nan,nan,0,0,202010052000
98,125,nan,nan,nan,nan,nan,nan,0,0,202010052010
98,125,nan,nan,nan,nan,nan,nan,0,0,202010052020
98,125,nan,nan,nan,nan,nan,nan,0,0,202010052030
98,125,nan,nan,nan,nan,nan,nan,0,0,202010052040
98,125,nan,nan,nan,nan,nan,nan,0,0,202010052050
98,125,nan,nan,nan,nan,nan,nan,0,0,202010052100
98,125,nan,nan,nan,nan,nan,nan,0,0,202010052110
98,125,nan,nan,nan,nan,nan,nan,0,0,202010052120
98,125,nan,nan,nan,nan,nan,nan,0,0,202010052130
98,125,nan,nan,nan,nan,nan,nan,0,0,202010052140
98,125,nan,nan,nan,nan,nan,nan,0,0,202010052150
98,125,nan,nan,nan,nan,nan,nan,0,0,202010052200
98,125,nan,nan,nan,nan,nan,nan,0,0,202010052210
98,125,nan,nan,nan,nan,nan,nan,0,0,202010052220
98,125,nan,nan,nan,nan,nan,nan,0,0,202010052230
98,125,nan,nan,nan,nan,nan,nan,0,0,202010052240
98,125,nan,nan,nan,nan,nan,nan,0,0,202010052250
98,125,nan,nan,nan,nan,nan,nan,0,0,202010052300
98,125,nan,nan,nan,nan,nan,nan,0,0,202010052310
98,125,132,1,166.3,1,59,1,0,0,202010052320
98,125,153.90001,1,193.90001,1,66.8,1,0,0,202010052330
98,125,174.8,1,220.2,1,74.9,1,0,0,202010052340
98,125,189.90001,1,239.1,1,87.6,1,0,0,202010052350
98,125,209.5,1,268.4,1,92.6,1,0,0,202010060000
98,125,229,1,293.4,1,99.9,1,0,0,202010060010
98,125,240.7,1,308.4,1,113.5,1,1,0,202010060020
98,125,258.30002,1,330.9,1,121,1,1,0,202010060030
98,125,274.80002,1,352.1,1,128.7,1,1,0,202010060040
98,125,289.2,1,370.5,1,137.6,1,1,0,202010060050
98,125,304.6,1,390.2,1,144.6,1,1,0,202010060100
98,125,318.9,1,408.5,1,151.7,1,1,0,202010060110
98,125,332.2,1,425.6,1,158.8,1,1,0,202010060120
98,125,336.2,1,430.80002,1,173.2,1,1,0,202010060130
98,125,346.6,1,444.1,1,180.8,1,1,0,202010060140
98,125,356.7,1,457,1,187.7,1,1,0,202010060150
98,125,365.2,1,467.9,1,195,1,1,0,202010060200
98,125,375.30002,1,480.9,1,199.6,1,1,0,202010060210
98,125,380.7,1,487.80002,1,207.5,1,1,0,202010060220
98,125,384.80002,1,493.1,1,215.2,1,1,0,202010060230
98,125,388.1,1,497.2,1,222.6,1,1,0,202010060240
98,125,386,1,494.5,1,233.7,1,1,0,202010060250
98,125,377.5,1,483.7,1,249.2,1,1,0,202010060300
98,125,364.4,1,466.9,1,267.7,1,1,0,202010060310
98,125,394.4,1,505.4,1,245.90001,1,1,0,202010060320
98,125,395,1,506.1,1,249.5,1,1,0,202010060330
98,125,405.6,1,519.60004,1,242.8,1,1,0,202010060340
98,125,413.80002,1,530.2,1,237,1,1,0,202010060350
98,125,419.2,1,537.10004,1,232.40001,1,1,0,202010060400
98,125,423,1,542,1,228,1,1,0,202010060410
98,125,423.4,1,542.5,1,225.40001,1,1,0,202010060420
98,125,437,1,559.8,1,209.6,1,1,0,202010060430
98,125,437,1,559.9,1,204.8,1,1,0,202010060440
98,125,430.1,1,551,1,205,1,1,0,202010060450
98,125,427.7,1,548,1,199.90001,1,1,0,202010060500
98,125,424,1,543.3,1,194.7,1,1,0,202010060510
98,125,415.7,1,532.60004,1,192.40001,1,1,0,202010060520
98,125,409.7,1,524.9,1,187,1,1,0,202010060530
98,125,402.2,1,515.3,1,181.6,1,1,0,202010060540
98,125,393.4,1,504,1,176.3,1,1,0,202010060550
98,125,368.1,1,471.7,1,169.2,1,1,0,202010060610
98,125,356.6,1,456.9,1,163.1,1,1,0,202010060620
98,125,348.9,1,447.1,1,152.40001,1,1,0,202010060630
98,125,334.4,1,428.5,1,146.90001,1,1,0,202010060640
98,125,319.9,1,409.80002,1,140.5,1,1,0,202010060650
98,125,304.30002,1,389.9,1,134,1,1,0,202010060700
98,125,291.2,1,373.1,1,124.5,1,1,0,202010060710
98,125,269,1,344.7,1,122.3,1,1,0,202010060720
98,125,250.90001,1,321.5,1,115.5,1,1,0,202010060730
98,125,236.5,1,303,1,104.700005,1,0,0,202010060740
98,125,217.40001,1,278.5,1,97.4,1,0,0,202010060750
98,125,197.1,1,252.6,1,90.5,1,0,0,202010060800
98,125,175.5,1,224.90001,1,84.1,1,0,0,202010060810
98,125,154.40001,1,197.90001,1,76.700005,1,0,0,202010060820
98,125,133.6,1,171.3,1,68.6,1,0,0,202010060830
98,125,nan,nan,nan,nan,nan,nan,0,0,202010060840
98,125,nan,nan,nan,nan,nan,nan,0,0,202010060850
98,125,nan,nan,nan,nan,nan,nan,0,0,202010060900
98,125,nan,nan,nan,nan,nan,nan,0,0,202010060910
98,125,nan,nan,nan,nan,nan,nan,0,0,202010060920
98,125,nan,nan,nan,nan,nan,nan,0,0,202010060930
98,125,nan,nan,nan,nan,nan,nan,0,0,202010060940
98,125,nan,nan,nan,nan,nan,nan,0,0,202010060950
98,125,nan,nan,nan,nan,nan,nan,0,0,202010061000
98,125,nan,nan,nan,nan,nan,nan,0,0,202010061010
98,125,nan,nan,nan,nan,nan,nan,0,0,202010061020
98,125,nan,nan,nan,nan,nan,nan,0,0,202010061030
98,125,nan,nan,nan,nan,nan,nan,0,0,202010061040
98,125,nan,nan,nan,nan,nan,nan,0,0,202010061050
98,125,nan,nan,nan,nan,nan,nan,0,0,202010061100
98,125,nan,nan,nan,nan,nan,nan,0,0,202010061110
98,125,nan,nan,nan,nan,nan,nan,0,0,202010061120
98,125,nan,nan,nan,nan,nan,nan,0,0,202010061130
98,125,nan,nan,nan,nan,nan,nan,0,0,202010061140
98,125,nan,nan,nan,nan,nan,nan,0,0,202010061150
98,125,nan,nan,nan,nan,nan,nan,0,0,202010061200
98,125,nan,nan,nan,nan,nan,nan,0,0,202010061210
98,125,nan,nan,nan,nan,nan,nan,0,0,202010061220
98,125,nan,nan,nan,nan,nan,nan,0,0,202010061230
98,125,nan,nan,nan,nan,nan,nan,0,0,202010061240
98,125,nan,nan,nan,nan,nan,nan,0,0,202010061250
98,125,nan,nan,nan,nan,nan,nan,0,0,202010061300
98,125,nan,nan,nan,nan,nan,nan,0,0,202010061310
98,125,nan,nan,nan,nan,nan,nan,0,0,202010061320
98,125,nan,nan,nan,nan,nan,nan,0,0,202010061330
98,125,nan,nan,nan,nan,nan,nan,0,0,202010061340
98,125,nan,nan,nan,nan,nan,nan,0,0,202010061350
98,125,nan,nan,nan,nan,nan,nan,0,0,202010061400
98,125,nan,nan,nan,nan,nan,nan,0,0,202010061410
98,125,nan,nan,nan,nan,nan,nan,0,0,202010061420
98,125,nan,nan,nan,nan,nan,nan,0,0,202010061430
98,125,nan,nan,nan,nan,nan,nan,0,0,202010061440
98,125,nan,nan,nan,nan,nan,nan,0,0,202010061450
98,125,nan,nan,nan,nan,nan,nan,0,0,202010061500
98,125,nan,nan,nan,nan,nan,nan,0,0,202010061510
98,125,nan,nan,nan,nan,nan,nan,0,0,202010061520
98,125,nan,nan,nan,nan,nan,nan,0,0,202010061530
98,125,nan,nan,nan,nan,nan,nan,0,0,202010061540
98,125,nan,nan,nan,nan,nan,nan,0,0,202010061550
98,125,nan,nan,nan,nan,nan,nan,0,0,202010061600
98,125,nan,nan,nan,nan,nan,nan,0,0,202010061610
98,125,nan,nan,nan,nan,nan,nan,0,0,202010061620
98,125,nan,nan,nan,nan,nan,nan,0,0,202010061630
98,125,nan,nan,nan,nan,nan,nan,0,0,202010061640
98,125,nan,nan,nan,nan,nan,nan,0,0,202010061650
98,125,nan,nan,nan,nan,nan,nan,0,0,202010061700
98,125,nan,nan,nan,nan,nan,nan,0,0,202010061710
98,125,nan,nan,nan,nan,nan,nan,0,0,202010061720
98,125,nan,nan,nan,nan,nan,nan,0,0,202010061730
98,125,nan,nan,nan,nan,nan,nan,0,0,202010061740
98,125,nan,nan,nan,nan,nan,nan,0,0,202010061750
98,125,nan,nan,nan,nan,nan,nan,0,0,202010061800
98,125,nan,nan,nan,nan,nan,nan,0,0,202010061810
98,125,nan,nan,nan,nan,nan,nan,0,0,202010061820
98,125,nan,nan,nan,nan,nan,nan,0,0,202010061830
98,125,nan,nan,nan,nan,nan,nan,0,0,202010061840
98,125,nan,nan,nan,nan,nan,nan,0,0,202010061850
98,125,nan,nan,nan,nan,nan,nan,0,0,202010061900
98,125,nan,nan,nan,nan,nan,nan,0,0,202010061910
98,125,nan,nan,nan,nan,nan,nan,0,0,202010061920
98,125,nan,nan,nan,nan,nan,nan,0,0,202010061930
98,125,nan,nan,nan,nan,nan,nan,0,0,202010061940
98,125,nan,nan,nan,nan,nan,nan,0,0,202010061950
98,125,nan,nan,nan,nan,nan,nan,0,0,202010062000
98,125,nan,nan,nan,nan,nan,nan,0,0,202010062010
98,125,nan,nan,nan,nan,nan,nan,0,0,202010062020
98,125,nan,nan,nan,nan,nan,nan,0,0,202010062030
98,125,nan,nan,nan,nan,nan,nan,0,0,202010062040
98,125,nan,nan,nan,nan,nan,nan,0,0,202010062050
98,125,nan,nan,nan,nan,nan,nan,0,0,202010062100
98,125,nan,nan,nan,nan,nan,nan,0,0,202010062110
98,125,nan,nan,nan,nan,nan,nan,0,0,202010062120
98,125,nan,nan,nan,nan,nan,nan,0,0,202010062130
98,125,nan,nan,nan,nan,nan,nan,0,0,202010062140
98,125,nan,nan,nan,nan,nan,nan,0,0,202010062150
98,125,nan,nan,nan,nan,nan,nan,0,0,202010062200
98,125,nan,nan,nan,nan,nan,nan,0,0,202010062210
98,125,nan,nan,nan,nan,nan,nan,0,0,202010062220
98,125,nan,nan,nan,nan,nan,nan,0,0,202010062230
98,125,nan,nan,nan,nan,nan,nan,0,0,202010062240
98,125,nan,nan,nan,nan,nan,nan,0,0,202010062250
98,125,nan,nan,nan,nan,nan,nan,0,0,202010062300
98,125,nan,nan,nan,nan,nan,nan,0,0,202010062310
98,125,126.3,1,161.8,1,58.600002,1,0,0,202010062320
98,125,146.7,1,187.90001,1,67.3,1,0,0,202010062330
98,125,167.1,1,214.2,1,75.5,1,0,0,202010062340
98,125,182.5,1,233.90001,1,87.700005,1,0,0,202010062350
98,125,201.40001,1,262.30002,1,93.3,1,0,0,202010070000
98,125,220,1,286.5,1,101,1,0,0,202010070010
98,125,231.6,1,301.6,1,114.5,1,1,0,202010070020
98,125,249.2,1,324.5,1,121.8,1,1,0,202010070030
98,125,264.80002,1,344.9,1,130.1,1,1,0,202010070040
98,125,285.1,1,371.30002,1,133.2,1,1,0,202010070050
98,125,292.1,1,380.4,1,147.7,1,1,0,202010070100
98,125,306.7,1,399.4,1,154.3,1,1,0,202010070110
98,125,318.9,1,415.30002,1,162.2,1,1,0,202010070120
98,125,323,1,420.6,1,176.5,1,1,0,202010070130
98,125,333.30002,1,434.1,1,184,1,1,0,202010070140
98,125,342.7,1,446.2,1,191.40001,1,1,0,202010070150
98,125,351.80002,1,458.1,1,197.90001,1,1,0,202010070200
98,125,361.2,1,470.4,1,203,1,1,0,202010070210
98,125,367.1,1,478.1,1,210.2,1,1,0,202010070220
98,125,371.1,1,483.30002,1,218,1,1,0,202010070230
98,125,373.80002,1,486.80002,1,225.90001,1,1,0,202010070240
98,125,372.4,1,484.9,1,236.2,1,1,0,202010070250
98,125,361.4,1,470.7,1,254.1,1,1,0,202010070300
98,125,343.80002,1,447.7,1,277,1,1,0,202010070310
98,125,379.5,1,494.2,1,249.5,1,1,0,202010070320
98,125,395.6,1,515.2,1,238.8,1,1,0,202010070330
98,125,406.30002,1,529.10004,1,231.8,1,1,0,202010070340
98,125,399.1,1,519.7,1,240,1,1,0,202010070350
98,125,404.30002,1,526.60004,1,235.40001,1,1,0,202010070400
98,125,409,1,532.60004,1,230.1,1,1,0,202010070410
98,125,421.1,1,548.4,1,216.7,1,1,0,202010070420
98,125,450.30002,1,586.4,1,188.90001,1,1,0,202010070430
98,125,421.5,1,548.9,1,208,1,1,0,202010070440
98,125,447.7,1,583,1,178.90001,1,1,0,202010070450
98,125,439.7,1,572.7,1,179.5,1,1,0,202010070500
98,125,430.1,1,560.10004,1,180.5,1,1,0,202010070510
98,125,426.5,1,555.4,1,173.1,1,1,0,202010070520
98,125,413.5,1,538.5,1,175.2,1,1,0,202010070530
98,125,397,1,517,1,180,1,1,0,202010070540
98,125,394.7,1,514.10004,1,166.8,1,1,0,202010070550
98,125,352.1,1,458.6,1,181,1,1,0,202010070610
98,125,344.1,1,448.1,1,170.5,1,1,0,202010070620
98,125,312.4,1,406.9,1,186.6,1,1,0,202010070630
98,125,318,1,414.2,1,157.8,1,1,0,202010070640
98,125,285.80002,1,372.2,1,172.1,1,1,0,202010070650
98,125,273.9,1,356.7,1,161.5,1,1,0,202010070700
98,125,260.2,1,338.80002,1,152,1,1,0,202010070710
98,125,267.1,1,347.9,1,117.3,1,1,0,202010070720
98,125,234.5,1,305.4,1,127.9,1,1,0,202010070730
98,125,217.2,1,282.80002,1,119.700005,1,0,0,202010070740
98,125,187.8,1,244.6,1,124.700005,1,0,0,202010070750
98,125,169.5,1,220.7,1,116.1,1,0,0,202010070800
98,125,148.1,1,192.90001,1,110.200005,1,0,0,202010070810
98,125,123.5,1,160.8,1,107.4,1,0,0,202010070820
98,125,125.200005,1,163,1,73.200005,1,0,0,202010070830
98,125,nan,nan,nan,nan,nan,nan,0,0,202010070840
98,125,nan,nan,nan,nan,nan,nan,0,0,202010070850
98,125,nan,nan,nan,nan,nan,nan,0,0,202010070900
98,125,nan,nan,nan,nan,nan,nan,0,0,202010070910
98,125,nan,nan,nan,nan,nan,nan,0,0,202010070920
98,125,nan,nan,nan,nan,nan,nan,0,0,202010070930
98,125,nan,nan,nan,nan,nan,nan,0,0,202010070940
98,125,nan,nan,nan,nan,nan,nan,0,0,202010070950
98,125,nan,nan,nan,nan,nan,nan,0,0,202010071000
98,125,nan,nan,nan,nan,nan,nan,0,0,202010071010
98,125,nan,nan,nan,nan,nan,nan,0,0,202010071020
98,125,nan,nan,nan,nan,nan,nan,0,0,202010071030
98,125,nan,nan,nan,nan,nan,nan,0,0,202010071040
98,125,nan,nan,nan,nan,nan,nan,0,0,202010071050
98,125,nan,nan,nan,nan,nan,nan,0,0,202010071100
98,125,nan,nan,nan,nan,nan,nan,0,0,202010071110
98,125,nan,nan,nan,nan,nan,nan,0,0,202010071120
98,125,nan,nan,nan,nan,nan,nan,0,0,202010071130
98,125,nan,nan,nan,nan,nan,nan,0,0,202010071140
98,125,nan,nan,nan,nan,nan,nan,0,0,202010071150
98,125,nan,nan,nan,nan,nan,nan,0,0,202010071200
98,125,nan,nan,nan,nan,nan,nan,0,0,202010071210
98,125,nan,nan,nan,nan,nan,nan,0,0,202010071220
98,125,nan,nan,nan,nan,nan,nan,0,0,202010071230
98,125,nan,nan,nan,nan,nan,nan,0,0,202010071240
98,125,nan,nan,nan,nan,nan,nan,0,0,202010071250
98,125,nan,nan,nan,nan,nan,nan,0,0,202010071300
98,125,nan,nan,nan,nan,nan,nan,0,0,202010071310
98,125,nan,nan,nan,nan,nan,nan,0,0,202010071320
98,125,nan,nan,nan,nan,nan,nan,0,0,202010071330
98,125,nan,nan,nan,nan,nan,nan,0,0,202010071340
98,125,nan,nan,nan,nan,nan,nan,0,0,202010071350
98,125,nan,nan,nan,nan,nan,nan,0,0,202010071400
98,125,nan,nan,nan,nan,nan,nan,0,0,202010071410
98,125,nan,nan,nan,nan,nan,nan,0,0,202010071420
98,125,nan,nan,nan,nan,nan,nan,0,0,202010071430
98,125,nan,nan,nan,nan,nan,nan,0,0,202010071440
98,125,nan,nan,nan,nan,nan,nan,0,0,202010071450
98,125,nan,nan,nan,nan,nan,nan,0,0,202010071500
98,125,nan,nan,nan,nan,nan,nan,0,0,202010071510
98,125,nan,nan,nan,nan,nan,nan,0,0,202010071520
98,125,nan,nan,nan,nan,nan,nan,0,0,202010071530
98,125,nan,nan,nan,nan,nan,nan,0,0,202010071540
98,125,nan,nan,nan,nan,nan,nan,0,0,202010071550
98,125,nan,nan,nan,nan,nan,nan,0,0,202010071600
98,125,nan,nan,nan,nan,nan,nan,0,0,202010071610
98,125,nan,nan,nan,nan,nan,nan,0,0,202010071620
98,125,nan,nan,nan,nan,nan,nan,0,0,202010071630
98,125,nan,nan,nan,nan,nan,nan,0,0,202010071640
98,125,nan,nan,nan,nan,nan,nan,0,0,202010071650
98,125,nan,nan,nan,nan,nan,nan,0,0,202010071700
98,125,nan,nan,nan,nan,nan,nan,0,0,202010071710
98,125,nan,nan,nan,nan,nan,nan,0,0,202010071720
98,125,nan,nan,nan,nan,nan,nan,0,0,202010071730
98,125,nan,nan,nan,nan,nan,nan,0,0,202010071740
98,125,nan,nan,nan,nan,nan,nan,0,0,202010071750
98,125,nan,nan,nan,nan,nan,nan,0,0,202010071800
98,125,nan,nan,nan,nan,nan,nan,0,0,202010071810
98,125,nan,nan,nan,nan,nan,nan,0,0,202010071820
98,125,nan,nan,nan,nan,nan,nan,0,0,202010071830
98,125,nan,nan,nan,nan,nan,nan,0,0,202010071840
98,125,nan,nan,nan,nan,nan,nan,0,0,202010071850
98,125,nan,nan,nan,nan,nan,nan,0,0,202010071900
98,125,nan,nan,nan,nan,nan,nan,0,0,202010071910
98,125,nan,nan,nan,nan,nan,nan,0,0,202010071920
98,125,nan,nan,nan,nan,nan,nan,0,0,202010071930
98,125,nan,nan,nan,nan,nan,nan,0,0,202010071940
98,125,nan,nan,nan,nan,nan,nan,0,0,202010071950
98,125,nan,nan,nan,nan,nan,nan,0,0,202010072000
98,125,nan,nan,nan,nan,nan,nan,0,0,202010072010
98,125,nan,nan,nan,nan,nan,nan,0,0,202010072020
98,125,nan,nan,nan,nan,nan,nan,0,0,202010072030
98,125,nan,nan,nan,nan,nan,nan,0,0,202010072040
98,125,nan,nan,nan,nan,nan,nan,0,0,202010072050
98,125,nan,nan,nan,nan,nan,nan,0,0,202010072100
98,125,nan,nan,nan,nan,nan,nan,0,0,202010072110
98,125,nan,nan,nan,nan,nan,nan,0,0,202010072120
98,125,nan,nan,nan,nan,nan,nan,0,0,202010072130
98,125,nan,nan,nan,nan,nan,nan,0,0,202010072140
98,125,nan,nan,nan,nan,nan,nan,0,0,202010072150
98,125,nan,nan,nan,nan,nan,nan,0,0,202010072200
98,125,nan,nan,nan,nan,nan,nan,0,0,202010072210
98,125,nan,nan,nan,nan,nan,nan,0,0,202010072220
98,125,nan,nan,nan,nan,nan,nan,0,0,202010072230
98,125,nan,nan,nan,nan,nan,nan,0,0,202010072240
98,125,nan,nan,nan,nan,nan,nan,0,0,202010072250
98,125,nan,nan,nan,nan,nan,nan,0,0,202010072300
98,125,nan,nan,nan,nan,nan,nan,0,0,202010072310
98,125,113.8,1,148.2,1,64.6,1,0,0,202010072320
98,125,127.700005,1,166.40001,1,78.9,1,0,0,202010072330
98,125,154,1,200.6,1,81.4,1,0,0,202010072340
